Date,Away Team,Home Team,Pick,Odds,Projected Score Diff,Score Diff from Expected,Projected Win %,Win % Diff from Expected,Total Diff,Result
06-01-25,Cardinals,Rangers,Over 7.5,-105,,,,,1.37,Win
06-01-25,White Sox,Orioles,White Sox,125,1.226,2.29,,,,Loss
06-01-25,Red Sox,Braves,Red Sox,-120,1.655,0.983,52.3,0.1,,Win
06-01-25,Athletics,Blue Jays,Over 7.5,-125,,,,,1.136,Win
06-01-25,Angels,Guardians,Guardians,-190,2.197,0.717,,,,Win
06-01-25,Rockies,Mets,Mets,-425,4.323,1.603,,,,Win
06-01-25,Rockies,Mets,Over 8.5,-105,,,,,2.251,Loss
06-01-25,Giants,Marlins,Giants,-110,,,54.5,4.5,,Win
06-01-25,Tigers,Royals,Tigers,140,,,51.8,11.7,,Win
06-01-25,Rays,Astros,Astros,-165,1.509,0.301,,,,Win
06-01-25,Reds,Cubs,Over 7.5,115,,,,,1.753,Win
06-01-25,Twins,Mariners,Mariners,-135,0.89,0.014,,,,Win
06-01-25,Twins,Mariners,Over 7.5,105,,,,,2.078,Loss
06-01-25,Pirates,Padres,Padres,-150,1.922,0.858,59.1,1.7,,Win
06-02-25,Rockies,Marlins,Over 8.5,100,,,,,1.219,Win
06-02-25,Brewers,Reds,Brewers,-105,,,51.8,2.9,,Win
06-02-25,Padres,Giants,Over 7.5,110,,,,,1.205,Loss
06-02-25,Twins,Athletics,Twins,-155,1.553,0.404,,,,Win
06-02-25,Mets,Dodgers,Over 9.5,-105,,,,,1.945,Loss
06-03-25,Astros,Pirates,Pirates,-165,1.922,0.733,,,,Loss
06-03-25,Astros,Pirates,Astros,140,,,51.6,11.5,,Win
06-03-25,Astros,Pirates,Over 7.5,115,,,,,2.011,Loss
06-03-25,Rockies,Marlins,Over 8.5,-110,,,,,1.244,Loss
06-03-25,Cubs,Nationals,Cubs,-145,2.475,1.454,58.2,1.6,,Win
06-03-25,Guardians,Yankees,Over 7.5,-120,,,,,1.418,Loss
06-03-25,Phillies,Blue Jays,Phillies,-135,2.38,1.472,56.0,0.7,,Win
06-03-25,Angels,Red Sox,Under 9.5,-115,,,,,-1.471,Win
06-03-25,Brewers,Reds,Brewers,115,,,50.2,5.5,,Loss
06-03-25,Brewers,Reds,Under 8.5,-120,,,,,-1.257,Win
06-03-25,Tigers,White Sox,Over 8.5,-105,,,,,1.309,Win
06-03-25,Royals,Cardinals,Over 8.5,-130,,,,,1.056,Win
06-03-25,Orioles,Mariners,Mariners,-150,,,58.6,1.2,,Loss
06-03-25,Orioles,Mariners,Over 7.5,-110,,,,,1.68,Loss
06-03-25,Padres,Giants,Padres,130,,,51.0,9.3,,Win
06-03-25,Twins,Athletics,Twins,-205,1.877,0.21,,,,Win
06-03-25,Twins,Athletics,Under 9.5,-105,,,,,-1.012,Loss
06-04-25,Rockies,Marlins,Over 8.5,100,,,,,1.007,Loss
06-04-25,Brewers,Reds,Under 8.5,110,,,,,-1.545,Loss
06-04-25,Angels,Red Sox,Under 10.5,-110,,,,,-2.268,Loss
06-04-25,Astros,Pirates,Astros,-125,,,56.2,3.0,,Loss
06-04-25,Cubs,Nationals,Cubs,-135,1.657,0.758,57.3,2.0,,Loss
06-04-25,Phillies,Blue Jays,Blue Jays,-110,1.669,2.178,50.1,0.1,,Win
06-04-25,Phillies,Blue Jays,Over 9.5,105,,,,,1.505,Loss
06-04-25,Rangers,Rays,Rays,-135,1.12,0.218,,,,Win
06-04-25,Rangers,Rays,Over 8.5,-110,,,,,1.493,Win
06-04-25,Tigers,White Sox,Tigers,-200,1.749,0.241,,,,Win
06-04-25,Tigers,White Sox,Over 7.5,-125,,,,,4.604,Win
06-04-25,Orioles,Mariners,Mariners,-115,0.696,0.104,56.4,5.3,,Loss
06-04-25,Orioles,Mariners,Over 8.5,-115,,,,,1.068,Loss
06-04-25,Padres,Giants,Padres,-115,0.905,0.318,52.2,1.1,,Loss
06-05-25,Tigers,White Sox,Tigers,-200,1.97,0.457,,,,Loss
06-05-25,Phillies,Blue Jays,Phillies,-115,,,51.4,0.3,,Loss
06-05-25,Orioles,Mariners,Mariners,-155,1.978,0.892,59.7,1.4,,Loss
06-05-25,Orioles,Mariners,Over 7.5,100,,,,,1.476,Loss
06-05-25,Padres,Giants,Giants,-120,0.874,0.211,,,,Win
06-05-25,Padres,Giants,Over 7.5,105,,,,,1.88,Loss
06-05-25,Mets,Dodgers,Mets,100,,,52.2,5.3,,Loss
06-05-25,Astros,Pirates,Astros,-145,1.258,0.288,57.2,0.6,,Win
06-05-25,Cubs,Nationals,Cubs,-155,2.379,1.213,,,,Win
06-05-25,Rangers,Rays,Rays,-130,,,54.4,0.1,,Win
06-05-25,Royals,Cardinals,Cardinals,-115,0.683,0.095,52.0,0.9,,Loss
06-05-25,Royals,Cardinals,Over 7.5,105,,,,,2.517,Win
06-06-25,Phillies,Pirates,Phillies,-120,0.935,0.262,57.0,4.8,,Loss
06-06-25,Rangers,Nationals,Nationals,-105,,,50.1,1.2,,Win
06-06-25,Astros,Guardians,Over 7.5,-120,,,,,2.439,Loss
06-06-25,Cubs,Tigers,Tigers,-190,1.612,0.217,,,,Win
06-06-25,Cubs,Tigers,Over 6.5,-145,,,,,1.98,Loss
06-06-25,Royals,White Sox,Royals,-135,,,55.6,0.3,,Loss
06-06-25,Dodgers,Cardinals,Dodgers,-105,,,51.0,3.0,,Loss
06-06-25,Mets,Rockies,Mets,-275,3.038,0.773,,,,Win
06-06-25,Mets,Rockies,Under 10.5,100,,,,,-1.535,Win
06-06-25,Orioles,Athletics,Athletics,-105,,,51.1,2.2,,Win
06-06-25,Orioles,Athletics,Under 10.5,-120,,,,,-1.473,Win
06-06-25,Braves,Giants,Giants,125,,,55.3,12.7,,Win
06-07-25,Blue Jays,Twins,Blue Jays,-105,1.382,1.97,51.9,3.0,,Win
06-07-25,Blue Jays,Twins,Over 7.5,-115,,,,,1.55,Win
06-07-25,Dodgers,Cardinals,Dodgers,-185,1.688,0.266,,,,Loss
06-07-25,Braves,Giants,Giants,-140,1.891,0.951,58.9,2.7,,Win
06-07-25,Braves,Giants,Over 7.5,100,,,,,1.659,Loss
06-07-25,Phillies,Pirates,Phillies,-140,2.113,1.148,58.2,2.0,,Loss
06-07-25,Rangers,Nationals,Rangers,-160,1.265,0.084,,,,Win
06-07-25,Astros,Guardians,Astros,-115,,,52.6,1.5,,Win
06-07-25,Red Sox,Yankees,Yankees,-115,,,52.6,1.5,,Loss
06-07-25,Mets,Rockies,Mets,-270,3.102,0.831,,,,Win
06-07-25,Mets,Rockies,Under 11.5,-125,,,,,-1.647,Win
06-07-25,Orioles,Athletics,Athletics,105,,,51.1,4.3,,Loss
06-07-25,Orioles,Athletics,Under 10.5,-110,,,,,-1.246,Loss
06-08-25,Marlins,Rays,Rays,-220,1.724,0.149,,,,Win
06-08-25,Phillies,Pirates,Phillies,100,0.797,1.455,56.1,8.3,,Loss
06-08-25,Rangers,Nationals,Rangers,-125,1.454,0.705,55.0,1.8,,Win
06-08-25,Astros,Guardians,Astros,120,,,51.6,8.2,,Loss
06-08-25,Astros,Guardians,Over 7.5,100,,,,,1.42,Loss
06-08-25,Cubs,Tigers,Cubs,100,0.883,1.555,53.3,5.5,,Loss
06-08-25,Blue Jays,Twins,Twins,-175,1.379,0.045,,,,Win
06-08-25,Royals,White Sox,Royals,-120,,,53.5,1.3,,Win
06-08-25,Royals,White Sox,Under 9.5,-135,,,,,-1.113,Loss
06-08-25,Mets,Rockies,Mets,-285,2.799,0.47,,,,Win
06-08-25,Mets,Rockies,Under 10.5,105,,,,,-1.396,Loss
06-08-25,Braves,Giants,Giants,100,1.266,1.929,55.9,8.1,,Win
06-08-25,Braves,Giants,Over 7.5,100,,,,,1.58,Loss
06-08-25,Orioles,Athletics,Under 10.5,-110,,,,,-1.776,Win
06-09-25,Marlins,Pirates,Over 7.5,-125,,,,,1.03,Win
06-09-25,Rays,Red Sox,Rays,-110,,,51.7,1.7,,Win
06-09-25,Braves,Brewers,Brewers,145,,,51.8,12.7,,Loss
06-09-25,Blue Jays,Cardinals,Blue Jays,105,0.787,1.535,,,,Win
06-09-25,Athletics,Angels,Angels,-130,,,56.9,2.6,,Win
06-09-25,Dodgers,Padres,Padres,100,0.853,1.524,50.6,2.8,,Loss
06-10-25,Tigers,Orioles,Tigers,110,2.405,3.244,58.5,12.8,,Win
06-10-25,Reds,Guardians,Reds,-105,1.108,1.7,51.1,2.2,,Win
06-10-25,Cubs,Phillies,Cubs,-110,1.261,0.752,52.2,2.2,,Win
06-10-25,Cubs,Phillies,Over 9.5,-110,,,,,1.258,Win
06-10-25,Rays,Red Sox,Rays,-105,,,51.7,2.8,,Loss
06-10-25,Rays,Red Sox,Under 8.5,115,,,,,-1.105,Win
06-10-25,Nationals,Mets,Mets,-150,1.242,0.209,,,,Win
06-10-25,Nationals,Mets,Over 7.5,-120,,,,,1.009,Win
06-10-25,Rangers,Twins,Rangers,105,0.827,1.579,,,,Win
06-10-25,Rangers,Twins,Under 8.5,115,,,,,-1.243,Loss
06-10-25,Braves,Brewers,Brewers,110,0.96,1.785,55.3,9.6,,Win
06-10-25,Yankees,Royals,Under 8.5,-105,,,,,-1.124,Loss
06-10-25,Blue Jays,Cardinals,Blue Jays,100,0.764,1.43,50.7,2.9,,Win
06-10-25,Blue Jays,Cardinals,Over 7.5,-125,,,,,1.469,Win
06-10-25,White Sox,Astros,Over 7.5,-120,,,,,2.03,Loss
06-10-25,Giants,Rockies,Giants,-200,4.726,3.015,65.4,1.5,,Win
06-10-25,Dodgers,Padres,Dodgers,-110,0.606,0.096,,,,Loss
06-11-25,Cubs,Phillies,Phillies,-115,0.745,0.153,52.7,1.6,,Win
06-11-25,Cubs,Phillies,Over 8.5,-125,,,,,1.118,Win
06-11-25,Braves,Brewers,Brewers,155,,,52.9,15.2,,Loss
06-11-25,Blue Jays,Cardinals,Blue Jays,115,0.936,1.838,51.0,6.3,,Win
06-11-25,Tigers,Orioles,Tigers,115,1.986,2.897,59.6,14.9,,Loss
06-11-25,Rays,Red Sox,Rays,105,1.155,1.915,52.8,6.0,,Loss
06-11-25,Yankees,Royals,Under 8.5,100,,,,,-1.193,Loss
06-11-25,White Sox,Astros,Over 8.5,-110,,,,,1.217,Win
06-11-25,Giants,Rockies,Giants,-200,2.176,0.513,64.0,0.1,,Win
06-11-25,Giants,Rockies,Under 10.5,-115,,,,,-1.687,Loss
06-12-25,Rangers,Twins,Over 7.5,-125,,,,,1.423,Win
06-12-25,Nationals,Mets,Mets,-190,1.801,0.312,,,,Win
06-12-25,Giants,Rockies,Under 11.5,-125,,,,,-1.06,Loss
06-12-25,Cardinals,Brewers,Over 7.5,-110,,,,,1.746,Loss
06-12-25,Yankees,Royals,Yankees,-125,,,54.7,1.5,,Win
06-12-25,Pirates,Cubs,Cubs,-205,1.731,0.203,,,,Win
06-12-25,Pirates,Cubs,Over 7.5,100,,,,,1.681,Loss
06-13-25,Pirates,Cubs,Cubs,-115,0.816,1.33,56.0,6.0,,Loss
06-13-25,Marlins,Nationals,Marlins,-105,0.727,1.319,52.1,3.2,,Win
06-13-25,Angels,Orioles,Angels,155,,,50.8,13.1,,Loss
06-13-25,Rays,Mets,Over 8.5,110,,,,,1.024,Win
06-13-25,Reds,Tigers,Tigers,-135,1.873,0.987,58.0,2.7,,Win
06-13-25,Rockies,Braves,Over 8.5,-120,,,,,1.019,Win
06-13-25,White Sox,Rangers,Under 8.5,-115,,,,,-1.029,Win
06-13-25,Cardinals,Brewers,Brewers,-180,1.736,0.51,,,,Win
06-13-25,Twins,Astros,Astros,-105,,,51.3,3.3,,Win
06-13-25,Twins,Astros,Over 7.5,-130,,,,,2.65,Win
06-13-25,Guardians,Mariners,Mariners,-115,,,50.5,0.5,,Win
06-14-25,Marlins,Nationals,Marlins,110,1.399,2.231,53.7,8.0,,Win
06-14-25,Reds,Tigers,Over 7.5,-125,,,,,1.467,Win
06-14-25,Blue Jays,Phillies,Phillies,-160,2.036,0.858,,,,Win
06-14-25,Angels,Orioles,Angels,130,,,53.7,12.0,,Loss
06-14-25,Twins,Astros,Astros,-105,0.891,1.477,51.0,2.1,,Win
06-14-25,Rays,Mets,Over 7.5,100,,,,,1.024,Win
06-14-25,Guardians,Mariners,Over 6.5,-130,,,,,2.057,Win
06-15-25,Blue Jays,Phillies,Over 6.5,-130,,,,,1.347,Win
06-15-25,Angels,Orioles,Angels,-105,0.911,1.503,51.3,2.4,,Loss
06-15-25,Marlins,Nationals,Over 7.5,-110,,,,,1.251,Loss
06-15-25,Rockies,Braves,Braves,-360,2.725,0.192,,,,Loss
06-15-25,Rockies,Braves,Over 8.5,-135,,,,,1.283,Win
06-15-25,Rays,Mets,Over 7.5,-125,,,,,1.579,Win
06-15-25,Cardinals,Brewers,Brewers,-135,1.034,0.137,,,,Win
06-15-25,Twins,Astros,Astros,-125,1.125,0.381,54.8,1.6,,Win
06-15-25,Pirates,Cubs,Cubs,-155,,,58.7,0.4,,Win
06-15-25,Pirates,Cubs,Over 6.5,-135,,,,,1.98,Loss
06-15-25,White Sox,Rangers,Over 8.5,110,,,,,1.376,Loss
06-15-25,Guardians,Mariners,Guardians,100,,,50.7,2.9,,Loss
06-15-25,Guardians,Mariners,Over 8.5,100,,,,,1.061,Loss
06-15-25,Giants,Dodgers,Over 8.5,-135,,,,,2.138,Win
06-16-25,Phillies,Marlins,Over 8.5,-110,,,,,2.536,Loss
06-16-25,Rockies,Nationals,Nationals,-165,1.788,0.541,,,,Loss
06-16-25,Rockies,Nationals,Over 8.5,-110,,,,,2.697,Win
06-16-25,Orioles,Rays,Rays,-110,1.933,2.443,58.5,8.5,,Win
06-16-25,Astros,Athletics,Astros,-115,,,54.9,3.8,,Loss
06-17-25,Phillies,Marlins,Phillies,-175,1.859,0.535,,,,Loss
06-17-25,Phillies,Marlins,Over 8.5,-110,,,,,1.03,Win
06-17-25,Rockies,Nationals,Over 8.5,-110,,,,,1.046,Win
06-17-25,Twins,Reds,Reds,-130,1.78,0.952,,,,Win
06-17-25,Mets,Braves,Mets,115,,,54.7,10.0,,Loss
06-17-25,Orioles,Rays,Rays,-110,1.33,1.84,56.8,6.8,,Loss
06-17-25,Cardinals,White Sox,Cardinals,-130,,,55.4,1.1,,Win
06-17-25,Red Sox,Mariners,Mariners,-150,1.552,0.539,,,,Win
06-17-25,Red Sox,Mariners,Over 7.5,120,,,,,1.338,Win
06-17-25,Guardians,Giants,Over 7.5,110,,,,,1.278,Loss
06-17-25,Astros,Athletics,Astros,-120,1.379,0.689,55.9,3.7,,Win
06-17-25,Astros,Athletics,Under 10.5,105,,,,,-1.713,Loss
06-17-25,Padres,Dodgers,Under 10.5,-120,,,,,-2.327,Loss
06-18-25,Phillies,Marlins,Phillies,-185,1.863,0.428,,,,Win
06-18-25,Twins,Reds,Reds,-130,1.265,0.572,,,,Win
06-18-25,Mets,Braves,Over 7.5,-115,,,,,1.624,Loss
06-18-25,Orioles,Rays,Rays,-125,,,53.6,0.4,,Win
06-18-25,Astros,Athletics,Astros,-180,1.604,0.187,,,,Win
06-18-25,Padres,Dodgers,Under 9.5,-110,,,,,-1.067,Win
06-19-25,Twins,Reds,Reds,-115,0.798,0.203,,,,Loss
06-19-25,Angels,Yankees,Under 10.5,-120,,,,,-2.047,Win
06-19-25,Pirates,Tigers,Tigers,-365,2.366,0.041,,,,Win
06-19-25,Pirates,Tigers,Over 7.5,115,,,,,1.511,Win
06-19-25,Pirates,Tigers,Tigers,100,,,54.2,7.3,,Loss
06-19-25,Phillies,Marlins,Phillies,-145,1.379,0.409,57.4,0.8,,Win
06-19-25,Mets,Braves,Mets,120,1.317,2.327,54.1,10.7,,Loss
06-19-25,Orioles,Rays,Rays,-130,2.147,1.323,59.5,5.2,,Loss
06-20-25,Mariners,Cubs,Cubs,-145,1.379,0.333,,,,Loss
06-20-25,Mariners,Cubs,Under 10.5,-120,,,,,-2.011,Loss
06-20-25,Tigers,Rays,Tigers,-110,,,51.7,1.7,,Loss
06-20-25,Tigers,Rays,Over 7.5,-120,,,,,2.242,Win
06-20-25,White Sox,Blue Jays,Over 8.5,-115,,,,,1.882,Loss
06-20-25,Braves,Marlins,Marlins,120,1.569,2.6,52.4,9.3,,Win
06-20-25,Braves,Marlins,Over 8.5,-130,,,,,1.641,Loss
06-20-25,Mets,Phillies,Phillies,-200,3.193,1.628,,,,Win
06-20-25,Mets,Phillies,Over 8.5,-120,,,,,2.261,Win
06-20-25,Royals,Padres,Padres,-175,1.352,0.065,,,,Loss
06-20-25,Guardians,Athletics,Guardians,-130,,,55.1,0.8,,Loss
06-20-25,Red Sox,Giants,Over 7.5,105,,,,,1.915,Win
06-21-25,Tigers,Rays,Rays,-145,1.372,0.377,,,,Win
06-21-25,Tigers,Rays,Over 8.5,100,,,,,1.72,Win
06-21-25,Orioles,Yankees,Yankees,-160,1.983,0.841,,,,Win
06-21-25,Brewers,Twins,Brewers,115,,,51.5,6.8,,Win
06-21-25,Brewers,Twins,Under 10.5,-115,,,,,-1.838,Win
06-21-25,Mariners,Cubs,Cubs,-175,1.682,0.188,,,,Win
06-21-25,Mariners,Cubs,Under 12.5,-105,,,,,-4.19,Loss
06-21-25,Red Sox,Giants,Giants,-125,,,53.3,0.1,,Win
06-21-25,Rangers,Pirates,Rangers,-110,,,53.9,3.9,,Win
06-21-25,Braves,Marlins,Marlins,130,,,50.4,8.7,,Loss
06-21-25,Mets,Phillies,Mets,-125,1.306,0.533,,,,Win
06-21-25,Astros,Angels,Astros,105,0.992,1.737,51.3,4.5,,Loss
06-21-25,Guardians,Athletics,Guardians,-135,,,55.4,1.3,,Win
06-22-25,Orioles,Yankees,Under 10.5,-140,,,,,-1.037,Win
06-22-25,Tigers,Rays,Rays,-110,,,51.9,2.9,,Loss
06-22-25,Rangers,Pirates,Rangers,100,,,55.2,7.4,,Loss
06-22-25,Rangers,Pirates,Under 9.5,-110,,,,,-1.119,Loss
06-22-25,Brewers,Twins,Under 9.5,-120,,,,,-2.182,Loss
06-22-25,Reds,Cardinals,Reds,-110,0.927,0.418,50.7,0.7,,Win
06-22-25,Reds,Cardinals,Under 9.5,-120,,,,,-1.036,Win
06-22-25,Mariners,Cubs,Under 11.5,-115,,,,,-2.871,Loss
06-22-25,Guardians,Athletics,Guardians,-115,0.782,0.188,54.9,3.8,,Win
06-22-25,Astros,Angels,Astros,-110,,,51.0,1.0,,Win
06-22-25,Astros,Angels,Over 8.5,-115,,,,,1.042,Win
06-22-25,Royals,Padres,Padres,-120,0.778,0.194,53.1,2.1,,Win
06-23-25,Rangers,Orioles,Under 9.5,-115,,,,,-1.431,Win
06-23-25,Yankees,Reds,Reds,105,1.622,2.39,51.7,4.9,,Win
06-23-25,Mariners,Twins,Mariners,-135,1.643,0.741,56.4,1.1,,Win
06-23-25,Cubs,Cardinals,Cardinals,105,,,51.3,4.5,,Win
06-23-25,Cubs,Cardinals,Over 8.5,-125,,,,,1.541,Win
06-23-25,Red Sox,Angels,Over 8.5,-125,,,,,1.072,Win
06-23-25,Nationals,Padres,Padres,-185,1.883,0.448,,,,Loss
06-24-25,Rangers,Orioles,Rangers,105,1.567,2.321,53.7,6.9,,Win
06-24-25,Blue Jays,Guardians,Blue Jays,-135,1.035,0.124,,,,Win
06-24-25,Braves,Mets,Over 8.5,-130,,,,,1.087,Win
06-24-25,Pirates,Brewers,Brewers,-210,2.132,0.55,,,,Win
06-24-25,Pirates,Brewers,Over 7.5,-110,,,,,1.411,Win
06-24-25,Mariners,Twins,Mariners,-105,1.388,1.98,54.6,5.7,,Win
06-24-25,Cubs,Cardinals,Cardinals,-105,,,51.3,2.4,,Win
06-24-25,Phillies,Astros,Over 7.5,100,,,,,1.03,Loss
06-24-25,Dodgers,Rockies,Dodgers,-265,3.01,0.737,,,,Win
06-24-25,Dodgers,Rockies,Under 11.5,105,,,,,-2.782,Loss
06-24-25,Nationals,Padres,Padres,-165,2.035,0.791,,,,Win
06-24-25,Nationals,Padres,Over 8.5,-105,,,,,1.021,Loss
06-24-25,Marlins,Giants,Giants,-180,1.837,0.475,,,,Loss
06-24-25,Marlins,Giants,Over 8.5,110,,,,,1.395,Loss
06-25-25,Pirates,Brewers,Over 6.5,-105,,,,,1.526,Loss
06-25-25,Nationals,Padres,Padres,-145,1.426,0.465,58.5,1.9,,Win
06-25-25,Rangers,Orioles,Rangers,-150,1.656,0.604,,,,Win
06-25-25,Yankees,Reds,Under 9.5,-125,,,,,-1.597,Win
06-25-25,Braves,Mets,Mets,-145,3.284,2.267,58.7,2.1,,Win
06-25-25,Braves,Mets,Over 9.5,110,,,,,1.789,Win
06-25-25,Rays,Royals,Rays,-125,1.201,0.446,55.4,2.2,,Win
06-25-25,Rays,Royals,Under 9.5,-130,,,,,-1.334,Win
06-25-25,Mariners,Twins,Mariners,100,,,51.2,3.4,,Loss
06-25-25,Mariners,Twins,Over 7.5,-105,,,,,1.001,Loss
06-25-25,Cubs,Cardinals,Cubs,-160,1.683,0.49,,,,Win
06-25-25,Phillies,Astros,Phillies,-160,1.46,0.321,,,,Loss
06-25-25,Phillies,Astros,Over 7.5,105,,,,,2.006,Loss
06-25-25,Dodgers,Rockies,Dodgers,-310,2.816,0.291,,,,Win
06-25-25,Dodgers,Rockies,Under 11.5,-125,,,,,-2.487,Win
06-25-25,Marlins,Giants,Over 6.5,-115,,,,,1.514,Win
06-26-25,Athletics,Tigers,Tigers,-155,1.169,0.042,60.3,2.0,,Win
06-26-25,Blue Jays,Guardians,Blue Jays,110,1.003,1.811,51.6,5.9,,Win
06-26-25,Blue Jays,Guardians,Over 7.5,100,,,,,1.119,Loss
06-26-25,Mariners,Twins,Mariners,110,,,50.5,4.8,,Loss
06-26-25,Rays,Royals,Rays,-125,,,55.9,2.7,,Win
06-26-25,Cubs,Cardinals,Cubs,-135,1.412,0.494,,,,Win
06-26-25,Dodgers,Rockies,Dodgers,-290,3.34,0.846,,,,Win
06-26-25,Dodgers,Rockies,Under 12.5,-120,,,,,-2.295,Win
06-26-25,Marlins,Giants,Over 7.5,-120,,,,,1.577,Win
06-26-25,Braves,Mets,Mets,-120,0.851,0.179,54.7,2.5,,Win
06-27-25,Rays,Orioles,Rays,-125,1.217,0.468,56.6,3.4,,Loss
06-27-25,Twins,Tigers,Over 8.5,-125,,,,,2.196,Loss
06-27-25,Phillies,Braves,Phillies,150,,,51.3,12.9,,Win
06-27-25,Phillies,Braves,Over 9.5,-105,,,,,1.33,Win
06-27-25,Giants,White Sox,Giants,-160,1.691,0.476,,,,Win
06-27-25,Cubs,Astros,Cubs,100,,,50.2,2.4,,Loss
06-27-25,Rockies,Brewers,Brewers,-215,2.049,0.376,,,,Win
06-27-25,Nationals,Angels,Angels,-165,1.302,0.048,,,,Loss
06-28-25,Twins,Tigers,Tigers,-160,1.243,0.031,,,,Win
06-28-25,Mariners,Rangers,Mariners,-130,1.514,0.707,,,,Loss
06-28-25,Mariners,Rangers,Over 7.5,105,,,,,1.189,Loss
06-28-25,Rays,Orioles,Rays,-105,1.722,2.318,57.8,8.9,,Win
06-28-25,Dodgers,Royals,Dodgers,-155,1.307,0.144,,,,Loss
06-28-25,Dodgers,Royals,Under 9.5,-105,,,,,-1.038,Loss
06-28-25,Rockies,Brewers,Brewers,-300,2.827,0.629,,,,Win
06-28-25,Padres,Reds,Under 9.5,-115,,,,,-1.617,Loss
06-28-25,Cardinals,Guardians,Over 8.5,100,,,,,1.024,Win
06-28-25,Cubs,Astros,Cubs,-105,0.907,1.498,50.5,1.6,,Win
06-28-25,Cubs,Astros,Over 8.5,105,,,,,2.052,Win
06-28-25,Phillies,Braves,Phillies,145,,,51.0,11.9,,Loss
06-28-25,Nationals,Angels,Angels,-125,,,53.5,1.5,,Win
06-29-25,Cardinals,Guardians,Cardinals,-125,0.659,0.003,53.0,1.0,,Win
06-29-25,Blue Jays,Red Sox,Blue Jays,-110,1.658,1.149,52.9,2.9,,Win
06-29-25,Phillies,Braves,Phillies,135,1.667,2.931,54.2,14.4,,Win
06-29-25,Rays,Orioles,Rays,-105,0.609,1.203,55.9,7.0,,Loss
06-29-25,Padres,Reds,Under 9.5,-125,,,,,-1.118,Win
06-29-25,Rockies,Brewers,Brewers,-235,2.686,0.86,,,,Loss
06-29-25,Dodgers,Royals,Dodgers,-125,,,54.0,0.8,,Win
06-29-25,Dodgers,Royals,Under 9.5,-135,,,,,-1.51,Win
06-29-25,Cubs,Astros,Over 7.5,-115,,,,,1.265,Loss
06-29-25,Giants,White Sox,Giants,-160,1.967,0.853,58.4,0.3,,Loss
06-29-25,Nationals,Angels,Over 9.5,-115,,,,,1.087,Win
06-29-25,Twins,Tigers,Over 7.5,-105,,,,,1.154,Loss
06-30-25,Padres,Phillies,Phillies,-255,2.673,0.69,,,,Win
06-30-25,Cardinals,Pirates,Cardinals,-120,0.675,0.09,53.2,2.2,,Loss
06-30-25,Cardinals,Pirates,Over 8.5,-120,,,,,1.579,Loss
06-30-25,Reds,Red Sox,Red Sox,-160,1.306,0.223,,,,Win
06-30-25,Orioles,Rangers,Orioles,-115,0.582,0.071,,,,Win
06-30-25,Orioles,Rangers,Rangers,-115,,,52.2,2.2,,Loss
06-30-25,Royals,Mariners,Over 7.5,110,,,,,1.418,Win
07-01-25,Cardinals,Pirates,Over 7.5,110,,,,,1.364,Loss
07-01-25,Reds,Red Sox,Reds,100,0.71,1.392,50.1,2.3,,Loss
07-01-25,Angels,Braves,Angels,165,,,51.8,15.7,,Win
07-01-25,Orioles,Rangers,Rangers,-185,1.929,0.552,,,,Win
07-01-25,Orioles,Rangers,Over 7.5,-110,,,,,1.128,Win
07-01-25,Guardians,Cubs,Under 8.5,-110,,,,,-1.075,Win
07-01-25,Astros,Rockies,Astros,-150,1.63,0.486,63.3,5.9,,Win
07-01-25,Astros,Rockies,Under 11.5,-110,,,,,-1.224,Win
07-02-25,Cardinals,Pirates,Over 7.5,-105,,,,,1.312,Loss
07-02-25,Padres,Phillies,Padres,-115,2.128,1.534,52.9,1.8,,Win
07-02-25,Tigers,Nationals,Tigers,-155,2.003,0.856,58.5,0.2,,Win
07-02-25,Reds,Red Sox,Reds,100,0.838,1.52,,,,Loss
07-02-25,Padres,Phillies,Phillies,-145,1.234,0.262,,,,Win
07-02-25,Padres,Phillies,Over 7.5,-110,,,,,1.109,Loss
07-02-25,Twins,Marlins,Twins,-125,,,53.9,0.7,,Win
07-02-25,Tigers,Nationals,Tigers,-105,0.654,1.245,54.7,5.8,,Loss
07-02-25,Brewers,Mets,Mets,-110,0.575,1.086,50.6,0.6,,Win
07-02-25,Reds,Red Sox,Under 9.5,-110,,,,,-1.353,Loss
07-02-25,Angels,Braves,Angels,115,3.063,3.986,54.2,9.5,,Loss
07-02-25,Angels,Braves,Over 9.5,-110,,,,,1.49,Win
07-02-25,Guardians,Cubs,Cubs,-160,1.443,0.256,,,,Win
07-02-25,Orioles,Rangers,Rangers,-155,1.49,0.371,,,,Win
07-02-25,Astros,Rockies,Astros,-265,3.707,1.468,,,,Win
07-02-25,Astros,Rockies,Under 11.5,-120,,,,,-1.69,Win
07-03-25,Twins,Marlins,Over 7.5,-130,,,,,1.635,Loss
07-03-25,Astros,Rockies,Astros,-220,2.112,0.388,,,,Loss
07-03-25,Astros,Rockies,Under 11.5,-125,,,,,-2.511,Loss
07-03-25,Tigers,Nationals,Tigers,-135,1.919,0.992,57.6,2.3,,Loss
07-03-25,Angels,Braves,Angels,130,1.173,2.325,53.8,12.1,,Win
07-03-25,Guardians,Cubs,Cubs,-135,,,56.0,0.7,,Win
07-03-25,Royals,Mariners,Mariners,-125,,,55.1,3.1,,Loss
07-03-25,Royals,Mariners,Over 7.5,-105,,,,,1.502,Loss
07-04-25,Red Sox,Nationals,Red Sox,-125,0.896,0.24,54.3,2.3,,Win
07-04-25,Yankees,Mets,Mets,-115,0.659,0.064,,,,Win
07-04-25,Pirates,Mariners,Mariners,-180,1.6,0.289,,,,Win
07-04-25,Pirates,Mariners,Over 7.5,110,,,,,1.225,Loss
07-04-25,Rays,Twins,Rays,100,1.29,1.977,53.3,5.5,,Loss
07-04-25,Rays,Twins,Under 10.5,-125,,,,,-1.147,Win
07-04-25,Rangers,Padres,Padres,-110,1.576,2.086,54.4,4.4,,Win
07-04-25,Angels,Blue Jays,Blue Jays,-145,1.365,0.348,,,,Win
07-04-25,Tigers,Guardians,Tigers,-125,1.546,0.801,56.8,3.6,,Win
07-04-25,Brewers,Marlins,Brewers,-145,1.794,0.818,57.3,0.7,,Win
07-04-25,Brewers,Marlins,Over 7.5,-120,,,,,1.318,Win
07-04-25,White Sox,Rockies,White Sox,-130,1.43,0.559,,,,Win
07-04-25,White Sox,Rockies,Under 11.5,-130,,,,,-2.107,Win
07-04-25,Astros,Dodgers,Over 9.5,110,,,,,1.448,Win
07-04-25,Giants,Athletics,Giants,-115,1.424,0.915,55.0,5.0,,Loss
07-05-25,Cardinals,Cubs,Under 11.5,-120,,,,,-3.097,Loss
07-05-25,Red Sox,Nationals,Red Sox,-125,0.814,0.148,54.2,2.2,,Win
07-05-25,Reds,Phillies,Under 8.5,105,,,,,-1.076,Win
07-05-25,Brewers,Marlins,Brewers,-135,1.927,1.03,56.5,1.2,,Loss
07-05-25,Yankees,Mets,Yankees,-140,1.244,0.338,,,,Loss
07-05-25,Tigers,Guardians,Tigers,-135,1.111,0.202,56.5,1.2,,Win
07-05-25,White Sox,Rockies,White Sox,110,,,50.1,4.4,,Win
07-05-25,White Sox,Rockies,Under 10.5,110,,,,,-1.117,Loss
07-06-25,Orioles,Braves,Under 8.5,-105,,,,,-1.014,Win
07-06-25,Red Sox,Nationals,Red Sox,-225,2.399,0.653,,,,Win
07-06-25,Reds,Phillies,Phillies,-250,1.98,0.175,,,,Win
07-06-25,Yankees,Mets,Under 8.5,110,,,,,-1.489,Loss
07-06-25,Brewers,Marlins,Brewers,-105,0.756,1.406,53.3,5.3,,Win
07-06-25,Rays,Twins,Rays,110,0.887,1.712,51.6,5.9,,Win
07-06-25,White Sox,Rockies,White Sox,-120,1.338,0.647,53.3,1.1,,Loss
07-06-25,White Sox,Rockies,Under 10.5,110,,,,,-1.525,Win
07-06-25,Pirates,Mariners,Mariners,-125,,,56.2,4.2,,Win
07-06-25,Pirates,Mariners,Over 6.5,100,,,,,1.623,Loss
07-06-25,Cardinals,Cubs,Cubs,-220,1.78,0.281,,,,Win
07-06-25,Cardinals,Cubs,Over 7.5,100,,,,,2.06,Win
07-06-25,Rangers,Padres,Padres,-130,1.101,0.361,53.2,0.1,,Win
07-06-25,Giants,Athletics,Giants,-105,,,54.4,6.4,,Win
07-06-25,Giants,Athletics,Under 10.5,-125,,,,,-1.4,Win
07-07-25,Rays,Tigers,Over 8.5,-110,,,,,1.074,Loss
07-07-25,Rockies,Red Sox,Red Sox,-240,2.16,0.145,,,,Win
07-07-25,Pirates,Royals,Royals,-145,1.547,0.592,57.3,1.3,,Win
07-07-25,Blue Jays,White Sox,Blue Jays,-180,1.289,0.022,,,,Win
07-07-25,Guardians,Astros,Over 7.5,100,,,,,2.473,Win
07-08-25,Mets,Orioles,Mets,-125,1.805,1.043,57.3,4.1,,Win
07-08-25,Rays,Tigers,Over 7.5,-120,,,,,1.492,Loss
07-08-25,Blue Jays,White Sox,Blue Jays,-200,1.627,0.934,,,,Win
07-08-25,Cubs,Twins,Cubs,-135,1.269,0.349,,,,Loss
07-08-25,Dodgers,Brewers,Dodgers,-110,0.822,0.312,50.7,0.7,,Loss
07-08-25,Nationals,Cardinals,Over 7.5,-130,,,,,1.755,Loss
07-08-25,Rangers,Angels,Rangers,-105,0.635,1.227,50.6,1.7,,Win
07-08-25,Rangers,Angels,Under 8.5,-110,,,,,-1.004,Loss
07-08-25,Braves,Athletics,Athletics,-115,1.465,1.973,52.8,2.8,,Win
07-09-25,Blue Jays,White Sox,Blue Jays,-145,0.98,0.006,56.9,0.3,,Loss
07-09-25,Rockies,Red Sox,Red Sox,-325,2.583,0.229,,,,Win
07-09-25,Marlins,Reds,Reds,-145,1.685,0.677,57.6,1.0,,Win
07-09-25,Cubs,Twins,Cubs,-110,1.829,2.416,53.2,4.2,,Loss
07-09-25,Nationals,Cardinals,Over 7.5,-125,,,,,1.289,Win
07-09-25,Guardians,Astros,Astros,-160,1.35,0.275,,,,Loss
07-09-25,Guardians,Astros,Over 7.5,-105,,,,,1.349,Loss
07-09-25,Braves,Athletics,Under 10.5,105,,,,,-1.672,Loss
07-10-25,Mets,Orioles,Mets,-145,1.4,0.377,58.0,1.4,,Loss
07-10-25,Cubs,Twins,Cubs,-115,0.895,0.3,52.3,1.2,,Win
07-10-25,Mets,Orioles,Mets,-125,1.299,0.53,56.4,3.2,,Loss
07-10-25,Mets,Orioles,Under 10.5,-115,,,,,-1.57,Win
07-10-25,Marlins,Reds,Reds,-165,1.579,0.301,,,,Win
07-10-25,Mariners,Yankees,Mariners,-120,1.273,0.64,,,,Loss
07-10-25,Braves,Athletics,Under 10.5,-120,,,,,-1.19,Win
07-10-25,Rangers,Angels,Rangers,-105,1.025,1.621,50.8,1.9,,Win
07-11-25,Guardians,White Sox,Guardians,-125,,,54.2,2.2,,Win
07-11-25,Cubs,Yankees,Under 9.5,-125,,,,,-1.163,Loss
07-11-25,Rays,Red Sox,Rays,-110,0.515,0.005,50.6,0.6,,Loss
07-11-25,Guardians,White Sox,Guardians,-130,1.206,0.381,54.5,0.2,,Loss
07-11-25,Nationals,Brewers,Brewers,-205,1.879,0.272,,,,Win
07-11-25,Mets,Royals,Under 9.5,-120,,,,,-1.38,Loss
07-11-25,Rangers,Astros,Rangers,105,1.049,1.794,,,,Win
07-11-25,Rangers,Astros,Over 8.5,-105,,,,,1.504,Win
07-11-25,Blue Jays,Athletics,Under 10.5,-110,,,,,-1.295,Loss
07-11-25,Dodgers,Giants,Over 7.5,-110,,,,,1.659,Win
07-12-25,Mariners,Tigers,Tigers,-110,0.578,1.089,52.3,2.3,,Loss
07-12-25,Mariners,Tigers,Over 7.5,-125,,,,,1.597,Win
07-12-25,Marlins,Orioles,Under 9.5,-120,,,,,-1.375,Win
07-12-25,Nationals,Brewers,Brewers,-270,2.378,0.311,,,,Win
07-12-25,Rockies,Reds,Reds,-270,2.803,0.589,,,,Win
07-12-25,Rays,Red Sox,Red Sox,-175,1.644,0.331,,,,Win
07-12-25,Phillies,Padres,Phillies,-175,1.609,0.347,,,,Loss
07-12-25,Phillies,Padres,Over 7.5,110,,,,,1.798,Win
07-12-25,Rangers,Astros,Over 6.5,100,,,,,1.515,Win
07-12-25,Blue Jays,Athletics,Under 10.5,-120,,,,,-2.003,Win
07-13-25,Marlins,Orioles,Marlins,120,,,52.0,8.6,,Win
07-13-25,Mariners,Tigers,Mariners,-115,0.727,0.136,,,,Win
07-13-25,Rockies,Reds,Reds,-250,2.101,0.087,,,,Win
07-13-25,Guardians,White Sox,Guardians,-130,1.333,0.503,56.8,2.5,,Win
07-13-25,Nationals,Brewers,Brewers,-250,2.222,0.3,,,,Win
07-13-25,Braves,Cardinals,Over 8.5,105,,,,,1.24,Win
07-13-25,Blue Jays,Athletics,Blue Jays,-130,1.09,0.23,55.7,1.4,,Loss
07-13-25,Blue Jays,Athletics,Under 10.5,-115,,,,,-1.571,Win
07-18-25,Red Sox,Cubs,Over 7.5,-110,,,,,1.184,Loss
07-18-25,Royals,Marlins,Royals,-115,0.692,0.104,54.0,2.9,,Loss
07-18-25,Royals,Marlins,Over 7.5,-110,,,,,1.496,Win
07-18-25,Reds,Mets,Over 7.5,100,,,,,1.564,Win
07-18-25,Tigers,Rangers,Tigers,-110,1.183,0.673,51.8,1.8,,Loss
07-18-25,Twins,Rockies,Under 10.5,105,,,,,-1.477,Win
07-18-25,Astros,Mariners,Over 7.5,120,,,,,1.091,Loss
07-19-25,Giants,Blue Jays,Blue Jays,105,,,50.2,3.4,,Win
07-19-25,Royals,Marlins,Royals,-120,1.116,0.444,52.9,0.7,,Loss
07-19-25,Padres,Nationals,Padres,-135,1.119,0.199,,,,Loss
07-19-25,Tigers,Rangers,Tigers,100,1.223,1.895,52.7,4.9,,Loss
07-19-25,Tigers,Rangers,Over 8.5,-105,,,,,1.621,Loss
07-19-25,Orioles,Rays,Rays,-125,1.022,0.272,56.4,3.2,,Win
07-19-25,Yankees,Braves,Yankees,-130,1.325,0.48,56.2,1.9,,Win
07-19-25,Twins,Rockies,Under 11.5,100,,,,,-1.252,Loss
07-19-25,Astros,Mariners,Over 8.5,100,,,,,2.0,Win
07-20-25,Orioles,Rays,Rays,-125,,,53.8,0.6,,Loss
07-20-25,Orioles,Rays,Under 8.5,100,,,,,-1.309,Win
07-20-25,Padres,Nationals,Padres,-125,1.272,0.528,55.5,2.3,,Win
07-20-25,Angels,Phillies,Phillies,-165,1.321,0.057,,,,Loss
07-20-25,Royals,Marlins,Royals,-120,1.078,0.414,54.1,1.9,,Win
07-20-25,Athletics,Guardians,Guardians,-110,0.829,1.341,54.3,4.3,,Win
07-20-25,Twins,Rockies,Under 10.5,-115,,,,,-1.438,Win
07-21-25,Tigers,Pirates,Tigers,115,,,55.3,10.6,,Loss
07-21-25,Tigers,Pirates,Over 7.5,105,,,,,1.093,Loss
07-21-25,Padres,Marlins,Padres,120,1.052,2.047,53.6,10.2,,Win
07-21-25,Red Sox,Phillies,Over 7.5,-120,,,,,1.168,Loss
07-21-25,Reds,Nationals,Reds,-125,1.516,0.761,56.4,3.2,,Loss
07-21-25,Angels,Mets,Mets,-180,1.666,0.285,,,,Win
07-21-25,Royals,Cubs,Over 7.5,105,,,,,1.138,Win
07-21-25,Cardinals,Rockies,Cardinals,-175,2.589,1.134,61.8,0.9,,Win
07-21-25,Cardinals,Rockies,Under 11.5,-105,,,,,-2.008,Win
07-21-25,Brewers,Mariners,Brewers,110,1.0,1.796,51.7,6.0,,Win
07-21-25,Brewers,Mariners,Over 6.5,-125,,,,,2.182,Loss
07-21-25,Twins,Dodgers,Dodgers,-175,1.746,0.408,,,,Win
07-22-25,Tigers,Pirates,Tigers,-130,,,56.0,1.7,,Loss
07-22-25,Orioles,Guardians,Guardians,-160,1.634,0.474,,,,Win
07-22-25,Orioles,Guardians,Over 7.5,-130,,,,,1.122,Win
07-22-25,Angels,Mets,Over 9.5,110,,,,,1.114,Loss
07-22-25,Giants,Braves,Giants,100,1.22,1.898,54.5,6.7,,Win
07-22-25,Cardinals,Rockies,Cardinals,-165,1.862,0.495,,,,Loss
07-22-25,Cardinals,Rockies,Under 11.5,-105,,,,,-1.003,Loss
07-22-25,Brewers,Mariners,Over 6.5,-125,,,,,2.176,Loss
07-23-25,Reds,Nationals,Reds,-125,1.438,0.692,55.0,1.8,,Win
07-23-25,Padres,Marlins,Over 7.5,-110,,,,,2.183,Loss
07-23-25,Giants,Braves,Giants,135,1.26,2.408,53.7,12.8,,Win
07-23-25,Giants,Braves,Over 7.5,-110,,,,,1.292,Win
07-23-25,Tigers,Pirates,Tigers,-135,1.833,0.924,57.6,2.3,,Loss
07-23-25,Cardinals,Rockies,Under 11.5,-125,,,,,-1.197,Win
07-23-25,Brewers,Mariners,Over 7.5,120,,,,,1.511,Win
07-23-25,Twins,Dodgers,Dodgers,-215,2.06,0.345,,,,Win
07-23-25,Orioles,Guardians,Guardians,-135,1.364,0.458,56.0,0.7,,Win
07-23-25,White Sox,Rays,Over 8.5,-125,,,,,1.236,Win
07-23-25,Athletics,Rangers,Rangers,-150,1.212,0.19,,,,Win
07-24-25,Orioles,Guardians,Guardians,-120,0.994,0.32,55.3,3.1,,Loss
07-24-25,Padres,Cardinals,Over 7.5,-125,,,,,2.028,Win
07-24-25,Athletics,Astros,Astros,-150,1.257,0.191,,,,Loss
07-25-25,Marlins,Brewers,Brewers,-215,2.121,0.486,,,,Loss
07-25-25,Marlins,Brewers,Over 7.5,-125,,,,,1.134,Loss
07-25-25,Phillies,Yankees,Under 10.5,-110,,,,,-1.165,Loss
07-25-25,Dodgers,Red Sox,Under 9.5,-110,,,,,-1.548,Win
07-25-25,Padres,Cardinals,Padres,-130,1.292,0.508,55.0,1.3,,Loss
07-25-25,Braves,Rangers,Rangers,-150,2.048,1.013,57.7,0.3,,Win
07-25-25,Mariners,Angels,Mariners,-130,0.981,0.156,55.0,0.7,,Loss
07-26-25,Phillies,Yankees,Phillies,-130,1.527,0.696,,,,Win
07-26-25,Guardians,Royals,Guardians,-105,0.606,1.198,50.5,1.6,,Loss
07-26-25,Guardians,Royals,Under 8.5,105,,,,,-1.229,Win
07-26-25,Blue Jays,Tigers,Over 6.5,-130,,,,,1.216,Win
07-26-25,Rays,Reds,Reds,-125,0.865,0.11,53.9,0.7,,Win
07-26-25,Rays,Reds,Under 9.5,-130,,,,,-1.582,Win
07-26-25,Athletics,Astros,Astros,-185,1.529,0.152,,,,Loss
07-26-25,Cubs,White Sox,Cubs,-185,1.979,0.532,,,,Win
07-26-25,Guardians,Royals,Royals,-135,1.178,0.291,,,,Loss
07-27-25,Dodgers,Red Sox,Dodgers,-105,,,51.9,3.0,,Loss
07-27-25,Rays,Reds,Reds,-105,0.9,1.494,51.4,2.5,,Win
07-27-25,Blue Jays,Tigers,Over 8.5,-120,,,,,1.228,Win
07-27-25,Guardians,Royals,Under 8.5,100,,,,,-1.298,Win
07-27-25,Athletics,Astros,Over 8.5,100,,,,,1.391,Loss
07-27-25,Marlins,Brewers,Brewers,-155,1.261,0.178,,,,Win
07-27-25,Marlins,Brewers,Over 7.5,105,,,,,1.323,Loss
07-27-25,Cubs,White Sox,Over 8.5,-120,,,,,1.534,Win
07-27-25,Braves,Rangers,Rangers,-125,1.386,0.634,56.5,3.3,,Win
07-27-25,Mets,Giants,Mets,-125,0.761,0.017,,,,Win
07-28-25,Blue Jays,Orioles,Blue Jays,-105,1.61,2.205,56.1,7.2,,Loss
07-28-25,Rockies,Guardians,Guardians,-285,2.629,0.477,,,,Loss
07-28-25,Rockies,Guardians,Over 8.5,-125,,,,,1.681,Win
07-28-25,Dodgers,Reds,Dodgers,-150,1.321,0.242,,,,Win
07-28-25,Cubs,Brewers,Over 7.5,-110,,,,,1.499,Win
07-28-25,Marlins,Cardinals,Marlins,100,0.901,1.572,50.6,2.8,,Loss
07-28-25,Nationals,Astros,Over 7.5,105,,,,,1.126,Loss
07-28-25,Rangers,Angels,Rangers,-225,1.972,0.214,,,,Loss
07-28-25,Mets,Padres,Over 7.5,-130,,,,,2.44,Win
07-28-25,Pirates,Giants,Over 7.5,-120,,,,,1.238,Win
07-28-25,Mariners,Athletics,Mariners,-125,1.337,0.616,56.0,3.4,,Win
07-28-25,Mariners,Athletics,Under 10.5,-110,,,,,-1.5,Win
07-29-25,Blue Jays,Orioles,Blue Jays,100,,,52.0,4.2,,Loss
07-29-25,Blue Jays,Orioles,Blue Jays,-130,2.095,1.251,55.0,0.7,,Loss
07-29-25,Dodgers,Reds,Under 8.5,115,,,,,-1.199,Loss
07-29-25,Phillies,White Sox,Phillies,-180,1.694,0.309,,,,Win
07-29-25,Red Sox,Twins,Red Sox,-130,1.706,0.874,54.4,0.1,,Win
07-29-25,Braves,Royals,Royals,-125,0.834,0.076,55.2,2.0,,Win
07-29-25,Marlins,Cardinals,Over 7.5,100,,,,,1.943,Loss
07-29-25,Nationals,Astros,Astros,-125,1.182,0.436,56.4,3.2,,Win
07-29-25,Mets,Padres,Padres,110,0.921,1.746,52.3,6.6,,Win
07-29-25,Mets,Padres,Over 8.5,100,,,,,1.033,Loss
07-29-25,Mariners,Athletics,Mariners,-110,0.911,0.403,54.1,4.1,,Loss
07-29-25,Mariners,Athletics,Under 10.5,100,,,,,-1.469,Win
07-30-25,Blue Jays,Orioles,Blue Jays,105,0.768,1.528,52.8,6.0,,Win
07-30-25,Red Sox,Twins,Red Sox,-110,1.866,2.483,54.9,6.4,,Win
07-30-25,Red Sox,Twins,Over 7.5,-125,,,,,1.331,Win
07-30-25,Cubs,Brewers,Over 7.5,115,,,,,1.052,Win
07-30-25,Braves,Royals,Royals,-125,1.195,0.439,57.7,4.5,,Win
07-30-25,Nationals,Astros,Over 8.5,105,,,,,1.152,Win
07-30-25,Phillies,White Sox,Phillies,-145,1.211,0.205,57.1,0.5,,Loss
07-30-25,Mets,Padres,Mets,100,1.015,1.688,50.7,2.9,,Loss
07-30-25,Mets,Padres,Over 8.5,-110,,,,,1.19,Loss
07-30-25,Rockies,Guardians,Guardians,-175,1.962,0.675,,,,Win
07-30-25,Marlins,Cardinals,Over 8.5,100,,,,,1.456,Loss
07-30-25,Rangers,Angels,Rangers,-120,1.063,0.391,53.7,1.5,,Win
07-30-25,Mariners,Athletics,Mariners,-150,1.125,0.034,,,,Loss
07-30-25,Mariners,Athletics,Under 9.5,-105,,,,,-1.64,Win
07-31-25,Rays,Yankees,Rays,-125,0.977,0.23,,,,Loss
07-31-25,Braves,Reds,Reds,-165,2.407,1.185,,,,Loss
07-31-25,Rangers,Mariners,Over 7.5,-110,,,,,2.228,Loss
08-01-25,Braves,Reds,Reds,-145,1.535,0.514,56.7,0.1,,Win
08-01-25,Tigers,Phillies,Phillies,-155,1.095,0.004,,,,Win
08-01-25,Tigers,Phillies,Over 7.5,-110,,,,,1.378,Win
08-01-25,Brewers,Nationals,Brewers,-160,1.698,0.508,59.4,0.3,,Win
08-01-25,Astros,Red Sox,Astros,-125,0.746,0.009,,,,Loss
08-01-25,Yankees,Marlins,Yankees,-160,1.365,0.214,,,,Loss
08-01-25,Dodgers,Rays,Dodgers,-120,1.415,0.74,54.0,1.8,,Win
08-01-25,Pirates,Rockies,Pirates,-135,1.183,0.219,57.2,1.9,,Loss
08-01-25,Pirates,Rockies,Under 11.5,-105,,,,,-1.265,Loss
08-01-25,Cardinals,Padres,Padres,-190,1.6,0.172,,,,Win
08-02-25,Dodgers,Rays,Dodgers,-115,0.677,0.088,51.4,0.3,,Loss
08-02-25,Orioles,Cubs,Over 7.5,110,,,,,1.381,Loss
08-02-25,Pirates,Rockies,Pirates,-240,2.438,0.429,,,,Loss
08-02-25,Pirates,Rockies,Under 10.5,-120,,,,,-1.068,Loss
08-02-25,Brewers,Nationals,Brewers,-185,2.371,0.94,,,,Win
08-02-25,Tigers,Phillies,Over 6.5,-105,,,,,1.278,Win
08-02-25,Twins,Guardians,Over 7.5,110,,,,,2.206,Win
08-02-25,Astros,Red Sox,Over 9.5,105,,,,,1.377,Win
08-02-25,Yankees,Marlins,Yankees,-105,0.965,1.554,52.3,3.4,,Loss
08-02-25,Giants,Mets,Mets,-190,2.352,0.876,,,,Win
08-02-25,White Sox,Angels,Over 8.5,105,,,,,1.071,Loss
08-03-25,Dodgers,Rays,Dodgers,-160,1.548,0.355,,,,Win
08-03-25,Brewers,Nationals,Brewers,100,1.78,2.451,58.8,11.0,,Win
08-03-25,Giants,Mets,Over 8.5,100,,,,,1.948,Win
08-03-25,Twins,Guardians,Guardians,100,0.919,1.584,56.2,8.4,,Loss
08-03-25,Orioles,Cubs,Cubs,-175,1.599,0.283,,,,Win
08-03-25,Orioles,Cubs,Over 8.5,100,,,,,1.677,Loss
08-03-25,Pirates,Rockies,Pirates,155,2.154,3.548,56.9,19.2,,Win
08-03-25,Pirates,Rockies,Over 7.5,-130,,,,,2.497,Win
08-03-25,Rangers,Mariners,Under 9.5,-110,,,,,-1.244,Win
08-03-25,Cardinals,Padres,Over 7.5,105,,,,,2.41,Win
08-03-25,Tigers,Phillies,Over 7.5,-125,,,,,1.198,Loss
08-04-25,Twins,Tigers,Tigers,-190,1.825,0.331,,,,Win
08-04-25,Twins,Tigers,Over 8.5,-120,,,,,1.345,Win
08-04-25,Astros,Marlins,Astros,110,1.179,2.004,51.5,5.8,,Win
08-04-25,Astros,Marlins,Over 8.5,100,,,,,1.173,Win
08-04-25,Guardians,Mets,Over 7.5,-125,,,,,2.373,Win
08-04-25,Royals,Red Sox,Red Sox,-155,1.288,0.133,,,,Win
08-04-25,Brewers,Braves,Brewers,-150,1.902,0.929,58.5,2.2,,Win
08-04-25,Reds,Cubs,Over 7.5,110,,,,,1.843,Loss
08-04-25,Blue Jays,Rockies,Blue Jays,-210,2.482,0.597,,,,Win
08-04-25,Blue Jays,Rockies,Under 12.5,-110,,,,,-3.521,Loss
08-04-25,Cardinals,Dodgers,Dodgers,-165,1.381,0.16,,,,Loss
08-05-25,Twins,Tigers,Over 8.5,110,,,,,2.141,Win
08-05-25,Astros,Marlins,Astros,-110,1.725,1.215,54.1,4.1,,Win
08-05-25,Brewers,Braves,Brewers,-150,2.371,1.346,,,,Win
08-05-25,Brewers,Braves,Over 7.5,-105,,,,,1.506,Win
08-05-25,Yankees,Rangers,Rangers,-125,1.122,0.378,,,,Win
08-05-25,Blue Jays,Rockies,Blue Jays,-235,2.658,0.609,,,,Win
08-05-25,Blue Jays,Rockies,Under 11.5,-105,,,,,-1.771,Loss
08-06-25,Giants,Pirates,Giants,-150,1.365,0.327,,,,Win
08-06-25,Giants,Pirates,Over 7.5,-130,,,,,1.162,Loss
08-06-25,Twins,Tigers,Over 8.5,-120,,,,,1.338,Win
08-06-25,Blue Jays,Rockies,Blue Jays,-270,2.311,0.034,,,,Win
08-06-25,Blue Jays,Rockies,Under 11.5,-120,,,,,-2.346,Loss
08-06-25,Astros,Marlins,Astros,100,,,50.5,2.7,,Loss
08-06-25,Astros,Marlins,Over 8.5,110,,,,,1.643,Win
08-06-25,Athletics,Nationals,Nationals,120,,,50.8,7.4,,Win
08-06-25,Brewers,Braves,Brewers,110,1.353,2.168,57.2,11.5,,Win
08-06-25,Brewers,Braves,Over 7.5,-125,,,,,1.494,Win
08-06-25,White Sox,Mariners,Over 7.5,-105,,,,,2.101,Win
08-07-25,White Sox,Mariners,Over 7.5,110,,,,,1.281,Loss
08-07-25,Marlins,Braves,Marlins,-135,1.733,0.847,55.9,0.6,,Loss
08-07-25,Marlins,Braves,Over 7.5,-125,,,,,2.254,Win
08-08-25,Reds,Pirates,Over 7.5,-105,,,,,1.53,Loss
08-08-25,Astros,Yankees,Astros,100,,,50.3,2.5,,Win
08-08-25,Marlins,Braves,Marlins,-135,1.333,0.523,56.1,2.0,,Win
08-08-25,Guardians,White Sox,Guardians,-135,,,56.2,0.9,,Win
08-08-25,Red Sox,Padres,Padres,-175,1.397,0.084,,,,Loss
08-08-25,Rays,Mariners,Mariners,-125,,,54.0,0.8,,Win
08-08-25,Blue Jays,Dodgers,Blue Jays,115,,,50.8,6.1,,Loss
08-08-25,Nationals,Giants,Giants,-175,2.04,0.72,,,,Win
08-09-25,Marlins,Braves,Braves,-160,1.244,0.344,,,,Win
08-09-25,Astros,Yankees,Astros,-110,,,50.9,0.9,,Loss
08-09-25,Reds,Pirates,Pirates,-105,0.726,1.317,,,,Loss
08-09-25,Reds,Pirates,Reds,-115,,,54.2,3.1,,Win
08-09-25,Athletics,Orioles,Athletics,100,0.962,1.642,,,,Win
08-09-25,Guardians,White Sox,Guardians,-135,,,57.3,2.0,,Win
08-09-25,Royals,Twins,Royals,-120,1.593,0.919,54.4,2.2,,Win
08-09-25,Mets,Brewers,Brewers,-120,,,56.4,4.2,,Win
08-09-25,Phillies,Rangers,Phillies,110,,,52.4,6.7,,Win
08-09-25,Phillies,Rangers,Over 7.5,110,,,,,1.1,Loss
08-09-25,Cubs,Cardinals,Cubs,-125,1.035,0.284,55.2,2.0,,Win
08-09-25,Marlins,Braves,Marlins,-110,,,52.8,2.8,,Loss
08-09-25,Marlins,Braves,Over 8.5,-110,,,,,1.328,Win
08-09-25,Rockies,Diamondbacks,Diamondbacks,-225,1.885,0.075,,,,Win
08-09-25,Rockies,Diamondbacks,Over 9.5,100,,,,,1.239,Win
08-09-25,Rays,Mariners,Over 7.5,-120,,,,,1.36,Win
08-10-25,Royals,Twins,Royals,-110,0.586,0.076,50.4,0.4,,Loss
08-10-25,Reds,Pirates,Reds,-110,,,54.8,4.8,,Win
08-10-25,Marlins,Braves,Over 8.5,100,,,,,1.676,Loss
08-10-25,Athletics,Orioles,Athletics,110,0.867,1.708,,,,Win
08-10-25,Angels,Tigers,Tigers,-185,1.577,0.1,,,,Win
08-10-25,Guardians,White Sox,Guardians,-135,,,56.9,1.6,,Loss
08-10-25,Mets,Brewers,Brewers,-115,1.688,1.097,57.1,6.0,,Win
08-10-25,Mets,Brewers,Over 8.5,105,,,,,1.083,Win
08-10-25,Phillies,Rangers,Phillies,-165,1.463,0.265,,,,Win
08-10-25,Red Sox,Padres,Over 7.5,-110,,,,,1.363,Win
08-10-25,Cubs,Cardinals,Cubs,-145,1.065,0.091,,,,Loss
08-11-25,Phillies,Reds,Phillies,110,,,50.4,4.7,,Win
08-11-25,Phillies,Reds,Under 9.5,-105,,,,,-1.457,Win
08-11-25,Tigers,White Sox,Tigers,-150,1.161,0.092,,,,Win
08-11-25,Tigers,White Sox,Over 8.5,-130,,,,,1.552,Loss
08-11-25,Pirates,Brewers,Brewers,-185,1.622,0.175,,,,Win
08-11-25,Rockies,Cardinals,Over 8.5,-105,,,,,1.418,Loss
08-11-25,Red Sox,Astros,Astros,140,,,50.7,10.6,,Win
08-11-25,Dodgers,Angels,Dodgers,-175,1.597,0.277,,,,Loss
08-11-25,Padres,Giants,Giants,-130,0.884,0.077,,,,Loss
08-11-25,Padres,Giants,Over 7.5,105,,,,,1.983,Loss
08-11-25,Rays,Athletics,Rays,-110,,,53.8,3.8,,Win
08-11-25,Rays,Athletics,Under 9.5,105,,,,,-1.635,Loss
08-12-25,Twins,Yankees,Yankees,-215,2.295,0.562,,,,Win
08-12-25,Rockies,Cardinals,Cardinals,-185,,,62.9,0.6,,Loss
08-12-25,Red Sox,Astros,Astros,-110,,,51.1,1.1,,Loss
08-12-25,Red Sox,Astros,Over 8.5,-135,,,,,1.4,Win
08-12-25,Dodgers,Angels,Dodgers,-180,2.748,1.344,,,,Loss
08-12-25,Padres,Giants,Giants,-125,0.755,0.021,,,,Loss
08-12-25,Padres,Giants,Over 7.5,-110,,,,,1.771,Loss
08-12-25,Rays,Athletics,Rays,-105,,,51.5,2.6,,Loss
08-13-25,Tigers,White Sox,Tigers,-145,1.299,0.306,56.7,0.1,,Win
08-13-25,Pirates,Brewers,Over 7.5,100,,,,,1.374,Win
08-13-25,Rockies,Cardinals,Cardinals,-225,2.579,0.849,,,,Loss
08-13-25,Rockies,Cardinals,Over 8.5,110,,,,,1.983,Win
08-13-25,Padres,Giants,Padres,-150,2.031,0.998,,,,Win
08-13-25,Padres,Giants,Over 7.5,-120,,,,,1.188,Win
08-13-25,Phillies,Reds,Under 8.5,-125,,,,,-1.027,Win
08-13-25,Mariners,Orioles,Under 8.5,-115,,,,,-1.008,Win
08-13-25,Marlins,Guardians,Guardians,-135,0.899,0.015,,,,Loss
08-13-25,Red Sox,Astros,Astros,-155,1.738,0.641,,,,Win
08-13-25,Braves,Mets,Mets,-200,1.91,0.309,,,,Loss
08-13-25,Braves,Mets,Over 8.5,-125,,,,,1.457,Win
08-13-25,Rays,Athletics,Rays,-150,1.142,0.06,,,,Win
08-13-25,Rays,Athletics,Under 9.5,-125,,,,,-1.13,Loss
08-14-25,Mariners,Orioles,Mariners,-130,0.933,0.089,55.7,1.4,,Loss
08-14-25,Cubs,Blue Jays,Cubs,-115,0.962,0.373,52.0,0.9,,Loss
08-14-25,Cubs,Blue Jays,Over 7.5,-125,,,,,1.551,Loss
08-14-25,Marlins,Guardians,Over 7.5,105,,,,,1.104,Win
08-14-25,Braves,Mets,Mets,-185,1.944,0.505,,,,Loss
08-14-25,Tigers,Twins,Tigers,-205,2.148,0.605,,,,Win
08-14-25,Tigers,Twins,Over 7.5,-115,,,,,1.283,Loss
08-14-25,Diamondbacks,Rockies,Diamondbacks,-175,2.295,0.793,,,,Win
08-14-25,Diamondbacks,Rockies,Under 12.5,105,,,,,-2.227,Win
08-15-25,Phillies,Nationals,Phillies,-205,1.617,0.059,,,,Win
08-15-25,Rangers,Blue Jays,Blue Jays,-110,,,52.4,2.4,,Win
08-15-25,Mariners,Mets,Mariners,115,1.308,2.216,52.8,8.1,,Win
08-15-25,Braves,Guardians,Guardians,-115,,,54.5,3.4,,Loss
08-15-25,Braves,Guardians,Under 8.5,-105,,,,,-1.178,Win
08-15-25,Marlins,Red Sox,Red Sox,-165,1.661,0.404,,,,Win
08-15-25,White Sox,Royals,Under 9.5,-130,,,,,-1.208,Win
08-15-25,Tigers,Twins,Tigers,-135,,,55.4,0.1,,Win
08-15-25,Orioles,Astros,Astros,-210,1.715,0.133,,,,Loss
08-15-25,Orioles,Astros,Over 7.5,-110,,,,,2.072,Loss
08-15-25,Yankees,Cardinals,Yankees,-145,1.448,0.442,,,,Win
08-15-25,Diamondbacks,Rockies,Under 11.5,105,,,,,-1.743,Win
08-15-25,Angels,Athletics,Angels,-110,,,52.9,2.9,,Loss
08-15-25,Angels,Athletics,Under 9.5,105,,,,,-1.047,Loss
08-15-25,Rays,Giants,Giants,-115,,,51.7,0.6,,Loss
08-15-25,Rays,Giants,Over 7.5,-115,,,,,1.001,Win
08-16-25,Marlins,Red Sox,Red Sox,-190,1.804,0.301,,,,Win
08-16-25,Mariners,Mets,Under 8.5,-115,,,,,-1.556,Win
08-16-25,Brewers,Reds,Brewers,-120,0.905,0.23,54.1,1.9,,Win
08-16-25,Braves,Guardians,Guardians,-110,1.043,1.553,55.9,5.9,,Loss
08-16-25,Yankees,Cardinals,Yankees,-145,1.258,0.288,,,,Win
08-16-25,Tigers,Twins,Tigers,-105,1.269,1.861,55.7,6.8,,Win
08-16-25,Diamondbacks,Rockies,Diamondbacks,-175,2.167,0.726,61.9,1.0,,Loss
08-16-25,Diamondbacks,Rockies,Under 11.5,-125,,,,,-2.354,Loss
08-16-25,Rays,Giants,Giants,-105,,,50.4,1.5,,Loss
08-16-25,Padres,Dodgers,Dodgers,-120,1.402,0.737,53.2,1.0,,Win
08-16-25,Angels,Athletics,Under 10.5,105,,,,,-2.714,Win
08-17-25,Rangers,Blue Jays,Blue Jays,-120,,,52.4,0.2,,Loss
08-17-25,Braves,Guardians,Guardians,-115,0.957,0.365,55.6,4.5,,Loss
08-17-25,Brewers,Reds,Brewers,105,,,51.5,4.7,,Loss
08-17-25,Tigers,Twins,Tigers,-125,0.788,0.032,55.4,2.2,,Loss
08-17-25,Tigers,Twins,Over 9.5,105,,,,,1.252,Loss
08-17-25,White Sox,Royals,Under 9.5,100,,,,,-1.346,Win
08-17-25,Orioles,Astros,Astros,-125,,,54.8,1.6,,Loss
08-17-25,Pirates,Cubs,Over 7.5,110,,,,,1.226,Loss
08-17-25,Diamondbacks,Rockies,Diamondbacks,-145,2.394,1.296,58.5,1.9,,Loss
08-17-25,Diamondbacks,Rockies,Under 12.5,-110,,,,,-3.338,Win
08-17-25,Angels,Athletics,Angels,-110,,,50.7,0.7,,Win
08-17-25,Angels,Athletics,Under 9.5,100,,,,,-1.2,Loss
08-17-25,Padres,Dodgers,Dodgers,-135,1.197,0.291,,,,Win
08-18-25,Cardinals,Marlins,Cardinals,125,,,50.3,7.7,,Win
08-18-25,Cardinals,Marlins,Over 7.5,-110,,,,,1.373,Win
08-18-25,Astros,Tigers,Over 8.5,-105,,,,,1.588,Win
08-18-25,Blue Jays,Pirates,Blue Jays,-110,,,53.6,3.6,,Loss
08-18-25,Mariners,Phillies,Phillies,-115,,,52.1,1.0,,Win
08-18-25,Orioles,Red Sox,Orioles,100,1.043,1.709,,,,Win
08-18-25,Rangers,Royals,Royals,-125,,,53.6,0.4,,Win
08-18-25,Dodgers,Rockies,Under 11.5,-115,,,,,-3.036,Win
08-18-25,Reds,Angels,Reds,-115,1.712,1.118,54.1,3.0,,Win
08-18-25,Guardians,Diamondbacks,Guardians,-105,1.057,1.65,53.8,4.9,,Win
08-18-25,Giants,Padres,Over 7.5,-115,,,,,1.825,Loss
08-19-25,Brewers,Cubs,Over 6.5,-120,,,,,1.556,Win
08-19-25,Blue Jays,Pirates,Over 7.5,-120,,,,,1.503,Win
08-19-25,Cardinals,Marlins,Cardinals,125,,,50.1,7.5,,Win
08-19-25,Mariners,Phillies,Phillies,-210,1.905,0.266,,,,Win
08-19-25,Yankees,Rays,Yankees,-130,1.409,0.586,,,,Win
08-19-25,Rangers,Royals,Royals,-105,,,52.1,3.2,,Win
08-19-25,Brewers,Cubs,Over 6.5,-120,,,,,1.634,Win
08-19-25,Dodgers,Rockies,Dodgers,-255,2.741,0.495,,,,Win
08-19-25,Dodgers,Rockies,Under 12.5,-125,,,,,-2.959,Loss
08-19-25,Reds,Angels,Reds,-130,1.403,0.575,56.1,1.8,,Win
08-19-25,Giants,Padres,Padres,-190,1.959,0.522,,,,Win
08-19-25,Giants,Padres,Over 7.5,-120,,,,,1.15,Loss
08-19-25,Guardians,Diamondbacks,Guardians,105,,,51.2,4.4,,Loss
08-20-25,Mariners,Phillies,Phillies,-145,,,57.3,0.7,,Win
08-20-25,Astros,Tigers,Astros,-110,0.878,0.367,51.2,1.2,,Loss
08-20-25,Astros,Tigers,Over 8.5,100,,,,,1.348,Win
08-20-25,Guardians,Diamondbacks,Guardians,-110,1.403,0.893,52.9,2.9,,Loss
08-20-25,Guardians,Diamondbacks,Under 9.5,-130,,,,,-1.419,Win
08-20-25,Cardinals,Marlins,Cardinals,-105,,,51.3,2.4,,Loss
08-20-25,Cardinals,Marlins,Over 8.5,-105,,,,,1.429,Loss
08-20-25,Mets,Nationals,Mets,-175,1.395,0.053,,,,Loss
08-20-25,White Sox,Braves,Under 9.5,-130,,,,,-1.55,Win
08-20-25,Yankees,Rays,Yankees,-105,,,52.2,3.3,,Win
08-20-25,Yankees,Rays,Under 8.5,100,,,,,-1.279,Loss
08-20-25,Athletics,Twins,Athletics,115,,,50.5,5.8,,Win
08-20-25,Rangers,Royals,Royals,-145,1.91,0.911,,,,Loss
08-20-25,Brewers,Cubs,Over 6.5,-120,,,,,2.738,Win
08-20-25,Dodgers,Rockies,Dodgers,-300,2.705,0.228,,,,Loss
08-20-25,Dodgers,Rockies,Under 11.5,-105,,,,,-2.612,Win
08-20-25,Reds,Angels,Reds,105,,,51.0,4.2,,Loss
08-21-25,Rangers,Royals,Royals,-120,,,52.7,0.5,,Win
08-21-25,Brewers,Cubs,Over 6.5,-110,,,,,1.887,Loss
08-21-25,Dodgers,Rockies,Dodgers,-225,2.405,0.444,,,,Win
08-21-25,Dodgers,Rockies,Under 11.5,100,,,,,-2.51,Loss
08-21-25,Mets,Nationals,Over 8.5,110,,,,,1.497,Win
08-21-25,Giants,Padres,Over 7.5,-125,,,,,1.319,Win
08-21-25,Astros,Orioles,Astros,105,1.225,1.974,52.9,6.1,,Win
08-21-25,Astros,Orioles,Over 8.5,-120,,,,,1.441,Win
08-21-25,Cardinals,Rays,Cardinals,-115,,,53.4,2.3,,Win
08-22-25,Rockies,Pirates,Pirates,-235,1.997,0.171,,,,Win
08-22-25,Astros,Orioles,Over 9.5,100,,,,,1.059,Win
08-22-25,Blue Jays,Marlins,Blue Jays,-165,1.768,0.53,,,,Win
08-22-25,Blue Jays,Marlins,Over 8.5,105,,,,,1.064,Loss
08-22-25,Mets,Braves,Mets,-105,1.77,2.362,57.2,8.3,,Win
08-22-25,Reds,Diamondbacks,Reds,115,,,50.2,5.5,,Loss
08-22-25,Dodgers,Padres,Dodgers,-125,1.458,0.713,53.8,0.6,,Loss
08-23-25,Red Sox,Yankees,Red Sox,-120,0.948,0.277,52.6,0.4,,Win
08-23-25,Astros,Orioles,Astros,100,,,53.5,5.7,,Win
08-23-25,Twins,White Sox,White Sox,-110,1.098,1.607,,,,Win
08-23-25,Twins,White Sox,Twins,-110,,,50.4,0.4,,Loss
08-23-25,Giants,Brewers,Brewers,-145,0.996,0.031,,,,Loss
08-23-25,Mets,Braves,Mets,-120,1.87,1.192,56.1,3.9,,Win
08-23-25,Reds,Diamondbacks,Under 8.5,115,,,,,-1.447,Loss
08-23-25,Dodgers,Padres,Dodgers,-145,1.364,0.365,,,,Loss
08-23-25,Cubs,Angels,Cubs,-155,2.353,1.185,58.9,0.6,,Win
08-24-25,Rockies,Pirates,Pirates,-290,2.322,0.257,,,,Win
08-24-25,Rockies,Pirates,Over 7.5,-110,,,,,1.775,Loss
08-24-25,Astros,Orioles,Orioles,-135,1.383,0.474,,,,Win
08-24-25,Blue Jays,Marlins,Blue Jays,-130,1.144,0.336,54.5,0.2,,Loss
08-24-25,Blue Jays,Marlins,Over 7.5,100,,,,,1.274,Win
08-24-25,Royals,Tigers,Over 8.5,100,,,,,1.071,Win
08-24-25,Twins,White Sox,Twins,-115,,,54.5,3.4,,Loss
08-24-25,Giants,Brewers,Brewers,-130,,,54.9,0.6,,Loss
08-24-25,Cubs,Angels,Cubs,-145,1.185,0.205,,,,Win
08-24-25,Reds,Diamondbacks,Reds,110,,,51.0,5.3,,Win
08-25-25,Red Sox,Orioles,Red Sox,-125,1.281,0.53,55.5,2.3,,Win
08-25-25,Braves,Marlins,Marlins,100,,,52.0,4.2,,Win
08-25-25,Rays,Guardians,Rays,100,1.102,1.766,51.4,3.6,,Win
08-25-25,Nationals,Yankees,Under 9.5,-125,,,,,-1.14,Loss
08-25-25,Twins,Blue Jays,Over 7.5,-125,,,,,1.174,Win
08-25-25,Royals,White Sox,Royals,-135,1.066,0.165,55.9,0.6,,Loss
08-25-25,Padres,Mariners,Padres,110,,,50.6,4.9,,Loss
08-25-25,Padres,Mariners,Over 8.5,-110,,,,,1.736,Win
08-25-25,Tigers,Athletics,Tigers,-215,1.903,0.175,,,,Loss
08-26-25,Red Sox,Orioles,Red Sox,-120,,,53.8,1.6,,Win
08-26-25,Red Sox,Orioles,Under 8.5,100,,,,,-1.2,Win
08-26-25,Braves,Marlins,Braves,-125,1.289,0.553,,,,Win
08-26-25,Rays,Guardians,Guardians,-115,1.398,0.809,53.4,2.3,,Win
08-26-25,Phillies,Mets,Phillies,-110,1.157,0.646,52.1,2.1,,Loss
08-26-25,Phillies,Mets,Over 8.5,100,,,,,1.379,Win
08-26-25,Royals,White Sox,Royals,-115,,,51.9,0.8,,Win
08-26-25,Diamondbacks,Brewers,Over 8.5,110,,,,,1.537,Win
08-26-25,Pirates,Cardinals,Over 8.5,105,,,,,1.15,Win
08-26-25,Angels,Rangers,Rangers,-115,,,53.2,2.1,,Win
08-26-25,Padres,Mariners,Mariners,-115,0.619,0.028,,,,Loss
08-26-25,Padres,Mariners,Padres,-105,,,50.5,1.6,,Win
08-26-25,Tigers,Athletics,Tigers,-125,0.788,0.012,,,,Loss
08-27-25,Braves,Marlins,Over 8.5,-110,,,,,1.292,Win
08-27-25,Padres,Mariners,Mariners,-155,1.309,0.218,,,,Win
08-27-25,Padres,Mariners,Over 7.5,-110,,,,,1.644,Loss
08-27-25,Royals,White Sox,Royals,-130,1.262,0.432,55.3,1.0,,Win
08-27-25,Diamondbacks,Brewers,Under 8.5,-105,,,,,-1.041,Win
08-27-25,Angels,Rangers,Rangers,-165,2.065,0.855,,,,Win
08-27-25,Rockies,Astros,Astros,-290,2.124,0.036,,,,Win
08-27-25,Rockies,Astros,Over 7.5,-125,,,,,1.568,Loss
08-27-25,Cubs,Giants,Cubs,-130,1.001,0.171,55.5,1.2,,Loss
08-27-25,Tigers,Athletics,Under 10.5,-105,,,,,-2.198,Win
08-28-25,Red Sox,Orioles,Red Sox,-205,2.077,0.49,,,,Win
08-28-25,Rockies,Astros,Over 8.5,-105,,,,,1.286,Loss
08-28-25,Pirates,Cardinals,Pirates,100,1.011,1.683,,,,Loss
08-28-25,Cubs,Giants,Cubs,-105,,,51.8,2.9,,Loss
08-29-25,Rays,Nationals,Rays,-150,1.867,0.79,,,,Win
08-29-25,Braves,Phillies,Phillies,-200,1.878,0.284,,,,Win
08-29-25,Brewers,Blue Jays,Brewers,120,,,50.7,7.3,,Win
08-29-25,Mariners,Guardians,Over 7.5,-120,,,,,1.013,Win
08-29-25,Marlins,Mets,Over 7.5,-115,,,,,2.47,Win
08-29-25,Pirates,Red Sox,Pirates,100,1.504,2.169,,,,Win
08-29-25,Pirates,Red Sox,Over 7.5,-115,,,,,1.411,Loss
08-29-25,Padres,Twins,Padres,-125,,,53.9,0.7,,Loss
08-29-25,Padres,Twins,Over 8.5,-120,,,,,2.015,Win
08-29-25,Cubs,Rockies,Cubs,-225,2.811,0.907,,,,Win
08-29-25,Cubs,Rockies,Under 10.5,105,,,,,-1.847,Loss
08-29-25,Rangers,Athletics,Rangers,125,,,51.2,8.6,,Win
08-29-25,Rangers,Athletics,Under 10.5,-125,,,,,-1.803,Win
08-29-25,Diamondbacks,Dodgers,Dodgers,-210,1.717,0.057,,,,Loss
08-30-25,Rays,Nationals,Rays,-155,1.479,0.347,,,,Win
08-30-25,Marlins,Mets,Over 7.5,-105,,,,,1.291,Win
08-30-25,Cardinals,Reds,Reds,-150,1.074,0.022,,,,Loss
08-30-25,Padres,Twins,Padres,-155,1.906,0.774,,,,Win
08-30-25,Orioles,Giants,Orioles,-120,0.992,0.32,,,,Win
08-30-25,Orioles,Giants,Giants,100,,,51.6,3.8,,Loss
08-30-25,Cubs,Rockies,Cubs,-200,2.307,0.625,,,,Win
08-30-25,Rangers,Athletics,Rangers,-135,2.11,1.172,56.1,0.8,,Win
08-31-25,Padres,Twins,Padres,105,0.817,1.565,52.6,5.8,,Loss
08-31-25,Brewers,Blue Jays,Brewers,-115,1.026,0.438,51.4,0.3,,Loss
08-31-25,Brewers,Blue Jays,Over 7.5,-110,,,,,1.564,Win
08-31-25,Marlins,Mets,Mets,-190,1.752,0.276,,,,Loss
08-31-25,Mariners,Guardians,Guardians,-105,,,51.5,2.6,,Loss
08-31-25,Mariners,Guardians,Over 8.5,105,,,,,1.326,Loss
08-31-25,Angels,Astros,Astros,-160,1.507,0.362,,,,Loss
08-31-25,Angels,Astros,Over 7.5,-105,,,,,1.01,Loss
08-31-25,Cubs,Rockies,Cubs,-265,2.543,0.352,,,,Loss
08-31-25,Cubs,Rockies,Under 10.5,100,,,,,-1.544,Loss
08-31-25,Rangers,Athletics,Rangers,-150,1.592,0.508,,,,Win
09-01-25,Marlins,Nationals,Nationals,-110,0.576,1.086,,,,Win
09-01-25,Marlins,Nationals,Marlins,-110,,,51.5,1.5,,Loss
09-01-25,Marlins,Nationals,Under 8.5,115,,,,,-1.1,Win
09-01-25,Mets,Tigers,Tigers,-105,,,51.7,2.8,,Loss
09-01-25,Mets,Tigers,Over 8.5,-120,,,,,2.271,Win
09-01-25,Blue Jays,Reds,Blue Jays,105,,,51.5,4.7,,Loss
09-01-25,Guardians,Red Sox,Under 8.5,-120,,,,,-1.023,Loss
09-01-25,Braves,Cubs,Cubs,-125,0.743,0.008,56.1,2.9,,Win
09-01-25,Braves,Cubs,Over 7.5,-115,,,,,1.434,Win
09-01-25,Giants,Rockies,Under 11.5,-110,,,,,-1.263,Win
09-01-25,Mariners,Rays,Mariners,-105,1.155,1.746,52.3,3.4,,Loss
09-02-25,Mets,Tigers,Mets,-130,2.557,1.725,,,,
09-02-25,Marlins,Nationals,Marlins,+110,,,52.1,6.4,,
09-02-25,White Sox,Twins,Twins,-130,,,55.2,0.9,,
09-02-25,Braves,Cubs,Cubs,-175,1.546,0.215,,,,
09-02-25,Athletics,Cardinals,Cardinals,-105,,,51.3,2.4,,
09-02-25,Giants,Rockies,Under 10.5,-125,,,,,-1.675,
09-02-25,Rangers,Diamondbacks,Under 9.5,-115,,,,,-1.892,
